dye batch 5_10_A,,,,,,,,,,,,,Sample,,,Sample & dye,,,,,Constants,,,Dye correction,,,Difference in 730s
Spec Bag,Experiment,Unit,Unit ID,ID_1,ID_2,Time Collected,Date,Temperature C,Salinity,final dye concentration per shot (mMol/L),pH sample with dye corrections,pH of sample without correction,A 434,A 578,A 730,A 434,A 578,A 730,A1/A2,pK2,E1(HI-)/E2(HI-),E1(I-2)/E2(HI-),E2(I-2)/E2(HI-),Intercept (a),Slope (b),(A1/A2)corrected,
8,Juvenile,Tank,A,,,11:00 AM,13-Aug-19,25,28.27,0.00095,7.560507177,7.564947239,0.018,0.009,0.092,0.684,0.512,0.102,0.75152439,8.019765033,0.0069,2.222,0.133,11.94137039,-5.749375923,0.744284845,-0.01
20,Juvenile,Tank,B,,,11:00 AM,13-Aug-19,25,28.27,0.00095,7.558109212,7.562584509,-0.013,-0.023,0.062,0.628,0.456,0.061,0.747663551,8.019765033,0.0069,2.222,0.133,11.94137039,-5.749375923,0.740402918,0.001
3,Juvenile,Tank,C,,,11:00 AM,13-Aug-19,25,28.27,0.00095,7.556643037,7.561139969,-0.024,-0.039,0.042,0.619,0.441,0.045,0.7453125,8.019765033,0.0069,2.222,0.133,11.94137039,-5.749375923,0.738039026,-0.003
4,Juvenile,Tank,D,,,11:00 AM,13-Aug-19,25,28.27,0.00095,7.570842057,7.575132372,-0.019,-0.03,0.055,0.623,0.464,0.058,0.768388106,8.019765033,0.0069,2.222,0.133,11.94137039,-5.749375923,0.761240669,-0.003