dye batch 5_10_A,,,,,,,,,,,,,Sample,,,Sample & dye,,,,,Constants,,,Dye correction,,,Difference in 730s
Spec Bag,Experiment,Unit,Unit ID,ID_1,ID_2,Time Collected,Date,Temperature C,Salinity,final dye concentration per shot (mMol/L),pH sample with dye corrections,pH of sample without correction,A 434,A 578,A 730,A 434,A 578,A 730,A1/A2,pK2,E1(HI-)/E2(HI-),E1(I-2)/E2(HI-),E2(I-2)/E2(HI-),Intercept (a),Slope (b),(A1/A2)corrected,
,Juvenile,Tank,1,,,11:00 AM,19-Sep-18,25,30.31,0.00095,7.480286404,7.485937605,-0.03,0,0.08,0.44,0.3,0.08,0.638297872,8.015460633,0.0069,2.222,0.133,11.94137039,-5.749375923,0.630439894,0
,Juvenile,Tank,2,,,11:00 AM,19-Sep-18,25,30.31,0.00095,7.069680813,7.086945558,0.03,0.04,0.12,0.71,0.22,0.12,0.264705882,8.015460633,0.0069,2.222,0.133,11.94137039,-5.749375923,0.254807379,0
,Juvenile,Tank,3,,,11:00 AM,19-Sep-18,25,30.31,0.00095,7.49240436,7.497848353,-0.02,0,0.08,0.56,0.38,0.08,0.655172414,8.015460633,0.0069,2.222,0.133,11.94137039,-5.749375923,0.647406603,0
,Juvenile,Tank,4,,,11:00 AM,19-Sep-18,25,30.31,0.00095,7.062768553,7.080333092,-0.01,0,0.08,0.68,0.18,0.08,0.260869565,8.015460633,0.0069,2.222,0.133,11.94137039,-5.749375923,0.250950109,0
,Juvenile,Tank,5,,,11:00 AM,19-Sep-18,25,30.31,0.00095,7.488723045,7.494229398,-0.04,-0.02,0.07,0.56,0.37,0.07,0.65,8.015460633,0.0069,2.222,0.133,11.94137039,-5.749375923,0.642205938,0
,Juvenile,Tank,6,,,11:00 AM,19-Sep-18,25,30.31,0.00095,6.935767731,6.959729246,-0.03,0,0.08,0.63,0.14,0.09,0.2,8.015460633,0.0069,2.222,0.133,11.94137039,-5.749375923,0.18974808,-0.01
