dye batch 5_10_A,,,,,,,,,,,,,Sample,,,Sample & dye,,,,,Constants,,,Dye correction,,,Difference in 730s
Spec Bag,Experiment,Unit,Unit ID,ID_1,ID_2,Time Collected,Date,Temperature C,Salinity,final dye concentration per shot (mMol/L),pH sample with dye corrections,pH of sample without correction,A 434,A 578,A 730,A 434,A 578,A 730,A1/A2,pK2,E1(HI-)/E2(HI-),E1(I-2)/E2(HI-),E2(I-2)/E2(HI-),Intercept (a),Slope (b),(A1/A2)corrected,
1,Juvenile,Tank,5,,,11:00 AM,29-Aug-18,25,29.99,0.00095,7.471826626,7.477637745,-0.06,-0.057,0.036,0.519,0.305,0.035,0.625862069,8.016135833,0.0069,2.222,0.133,11.94137039,-5.749375923,0.617936168,0.001
2,Juvenile,Tank,2,,,11:00 AM,29-Aug-18,25,29.99,0.00095,7.115592579,7.131003905,-0.038,-0.05,0.035,0.7,0.165,0.035,0.291327913,8.016135833,0.0069,2.222,0.133,11.94137039,-5.749375923,0.281574817,0
3,Juvenile,Tank,4,,,11:00 AM,29-Aug-18,25,29.99,0.00095,7.116949486,7.132308018,-0.032,-0.044,0.041,0.634,0.152,0.043,0.292168675,8.016135833,0.0069,2.222,0.133,11.94137039,-5.749375923,0.282420171,-0.002
8,Juvenile,Tank,6,,,11:00 AM,29-Aug-18,25,29.99,0.00095,7.057858049,7.075668192,-0.032,-0.04,0.045,0.611,0.128,0.048,0.2578125,8.016135833,0.0069,2.222,0.133,11.94137039,-5.749375923,0.247876346,-0.003
17,Juvenile,Tank,1,,,11:00 AM,29-Aug-18,25,29.99,0.00095,7.53247438,7.537281862,-0.051,-0.062,0.024,0.566,0.378,0.024,0.713128039,8.016135833,0.0069,2.222,0.133,11.94137039,-5.749375923,0.705678776,0
20,Juvenile,Tank,3,,,11:00 AM,29-Aug-18,25,29.99,0.00095,7.538934604,7.543642889,-0.043,-0.058,0.026,0.607,0.417,0.044,0.723101266,8.016135833,0.0069,2.222,0.133,11.94137039,-5.749375923,0.715706476,-0.018
